topic,article,kmeans_cluster,hierarchical_cluster
technology,Artificial intelligence software helps companies automate customer support,2,0
technology,New smartphone processor improves battery life and camera performance,5,1
technology,Cloud computing platform launches tools for safer data storage,4,0
technology,Cybersecurity researchers discover a vulnerability in popular web browsers,4,0
technology,Robots and machine learning change the future of software development,2,0
sports,Football team wins championship after a dramatic final match,0,1
sports,Tennis player reaches the tournament final with a strong serve,0,1
sports,Cricket captain announces the squad for the international series,3,1
sports,Olympic athletes prepare for competition with daily training sessions,4,0
sports,Basketball coach praises the defense after an important league victory,4,0
business,Stock markets rise as investors respond to strong company earnings,1,1
business,Bank announces new interest rates for small business loans,3,1
business,Retail company opens stores and creates jobs in growing cities,1,1
business,Economic report forecasts steady growth and lower inflation next year,4,5
business,Technology company reports increased revenue from international sales,1,1
health,Doctors study a new treatment that may improve heart health,5,1
health,Research shows regular exercise supports better sleep and mental health,5,1
health,Hospitals introduce a program for faster patient recovery,4,3
health,Scientists develop a vaccine after a successful clinical trial,4,2
health,Healthy diet and preventive care can reduce the risk of disease,4,4
