age,annual_income,spending_score,purchases_per_year,kmeans_cluster,hierarchical_cluster
29.22,24.72,31.0,3.13,2,2
20.2,22.88,26.02,1.62,2,2
27.93,26.03,32.04,2.93,2,2
28.26,39.89,28.74,1.0,2,2
29.48,25.29,32.03,1.94,2,2
27.26,27.23,34.78,1.81,2,2
26.29,29.54,29.26,2.44,2,2
29.65,35.02,42.13,1.51,2,2
25.95,26.3,29.93,3.35,2,2
27.54,26.12,18.4,2.78,2,2
30.97,35.8,19.68,2.28,2,2
28.47,33.53,31.97,2.27,2,2
30.72,32.47,27.31,2.76,2,2
22.17,29.76,21.24,1.23,2,2
26.9,42.46,18.07,3.16,2,2
21.27,29.66,26.3,2.7,2,2
30.84,37.55,22.21,1.45,2,2
31.43,30.66,14.79,1.0,2,2
24.32,35.48,26.14,2.83,2,2
26.29,33.11,30.0,1.63,2,2
29.83,27.37,22.1,1.54,2,2
23.22,35.41,21.24,2.01,2,2
29.92,35.13,30.32,1.88,2,2
26.31,31.44,11.5,1.0,2,2
22.71,25.02,28.2,1.0,2,2
26.49,41.09,22.15,2.89,2,2
24.27,30.56,17.4,1.59,2,2
31.36,19.91,28.48,2.29,2,2
25.62,21.88,25.58,1.36,2,2
28.93,32.15,37.81,1.71,2,2
23.91,33.25,26.76,3.63,2,2
31.34,34.5,36.71,1.0,2,2
25.44,25.51,21.88,1.0,2,2
30.54,30.44,13.23,1.0,2,2
29.25,37.87,40.97,5.5,2,2
29.66,25.07,7.94,2.32,2,2
24.75,29.09,20.1,1.83,2,2
32.26,33.1,23.73,1.0,2,2
21.3,28.6,24.57,4.12,2,2
28.52,38.88,21.01,1.0,2,2
24.14,26.92,42.03,1.01,2,2
31.35,25.68,32.45,2.46,2,2
27.37,31.71,19.76,2.54,2,2
26.18,23.42,14.78,2.21,2,2
34.32,33.12,24.05,2.34,2,2
33.22,33.54,21.71,3.33,2,2
29.72,42.75,26.47,1.0,2,2
22.53,43.56,38.79,1.78,2,2
26.47,42.23,16.14,1.0,2,2
30.57,29.24,24.96,1.8,2,2
29.35,41.85,25.72,2.77,2,2
19.8,31.66,18.25,1.0,2,2
24.49,29.66,32.33,1.0,2,2
28.12,28.61,22.38,3.2,2,2
30.15,41.36,23.76,1.16,2,2
27.1,33.7,26.41,1.0,2,2
28.36,33.6,45.14,4.25,2,2
24.59,29.99,13.29,1.29,2,2
29.26,40.44,19.17,1.22,2,2
19.41,30.86,16.5,1.36,2,2
38.49,84.34,5.94,7.24,0,0
50.52,75.99,11.23,11.2,0,0
53.62,76.8,17.05,9.41,0,0
48.91,78.09,18.04,9.93,0,0
43.74,82.37,18.93,7.35,0,0
41.05,83.14,21.86,8.33,0,0
43.89,92.09,21.24,9.42,0,0
42.21,85.0,14.23,9.38,0,0
41.61,99.65,32.59,9.46,0,0
38.95,77.21,29.53,9.32,0,0
43.92,72.79,27.42,9.55,0,0
37.56,81.7,22.11,9.06,0,0
40.83,84.28,17.98,9.18,0,0
47.89,67.03,18.11,9.21,0,0
43.18,82.4,5.95,9.39,0,0
48.91,74.26,26.91,8.61,0,0
41.75,77.63,17.32,10.56,0,0
44.33,97.13,29.42,9.53,0,0
48.98,88.07,26.62,8.64,0,0
42.27,80.12,27.92,7.59,0,0
45.13,83.67,29.37,9.9,0,0
49.28,90.12,7.42,8.92,0,0
37.31,81.37,32.09,9.77,0,0
39.2,77.9,20.26,7.54,0,0
39.32,87.18,29.24,9.73,0,0
32.83,87.13,20.58,9.5,0,0
48.46,70.56,15.27,9.71,0,0
35.67,95.33,22.95,10.02,0,0
39.72,90.7,28.55,9.28,0,0
42.94,86.89,13.09,8.82,0,0
41.39,87.68,28.0,7.73,0,0
41.5,95.37,14.05,8.01,0,0
42.81,90.91,20.09,10.59,0,0
45.43,90.89,24.43,11.79,0,0
41.18,70.98,32.83,8.45,0,0
42.43,94.17,7.18,7.5,0,0
35.59,79.44,23.52,9.63,0,0
43.11,75.11,1.52,9.07,0,0
40.11,88.22,25.62,9.17,0,0
45.04,86.6,24.24,8.15,0,0
41.28,86.38,26.56,8.53,0,0
44.08,83.14,19.06,10.0,0,0
34.03,75.92,8.14,6.2,0,0
39.29,90.25,17.72,9.24,0,0
46.36,94.29,19.45,10.62,0,0
42.37,79.14,15.24,7.22,0,0
38.45,82.49,26.43,11.06,0,0
36.47,87.75,11.68,9.57,0,0
41.48,72.18,27.43,8.27,0,0
39.86,77.51,14.77,9.51,0,0
41.24,87.3,22.9,10.58,0,0
40.63,74.66,28.54,8.6,0,0
46.46,87.68,18.95,9.42,0,0
49.8,99.54,20.56,9.19,0,0
46.3,79.08,22.66,8.97,0,0
43.26,79.17,7.28,6.51,0,0
37.53,81.79,17.65,11.32,0,0
46.42,78.27,22.78,8.51,0,0
40.86,86.3,24.95,8.59,0,0
46.26,77.01,20.05,12.12,0,0
35.89,55.03,75.73,5.7,1,1
34.77,43.81,68.76,5.52,1,1
31.59,49.66,83.68,5.44,1,1
33.86,48.18,72.53,6.12,1,1
27.67,42.65,59.07,3.21,1,1
40.46,51.27,69.24,3.2,1,1
23.14,41.2,94.36,5.52,1,1
32.76,48.26,62.51,4.64,1,1
35.4,44.4,81.33,5.41,1,1
37.67,40.18,82.18,6.95,1,1
31.12,38.79,85.69,4.77,1,1
40.62,41.9,86.64,5.16,1,1
36.03,55.95,72.11,3.87,1,1
33.21,48.17,62.47,5.76,1,1
32.84,53.03,55.85,4.06,1,1
28.25,39.22,76.98,4.78,1,1
33.99,43.89,76.63,3.79,1,1
37.83,49.64,78.08,5.67,1,1
36.19,59.25,74.3,4.63,1,1
31.99,37.77,65.04,3.93,1,1
34.72,47.34,75.41,4.08,1,1
38.6,50.18,73.72,4.22,1,1
37.19,46.32,63.41,4.92,1,1
36.05,38.7,76.52,3.25,1,1
40.34,53.74,72.98,5.44,1,1
25.36,36.91,72.65,3.71,1,1
37.86,58.98,65.59,4.0,1,1
35.94,56.28,65.22,5.3,1,1
42.29,33.44,64.75,4.49,1,1
32.92,50.69,76.93,2.87,1,1
37.06,40.96,85.2,4.25,1,1
32.45,48.79,81.1,5.54,1,1
28.26,48.77,66.73,5.28,1,1
29.31,48.12,68.55,3.46,1,1
37.86,46.69,70.09,6.74,1,1
33.24,45.22,77.15,4.26,1,1
36.88,41.27,71.71,6.64,1,1
30.84,28.11,87.89,8.06,1,1
33.38,31.44,72.52,4.66,1,1
34.24,37.21,79.64,5.63,1,1
29.02,49.89,91.42,5.21,1,1
33.65,44.01,79.92,2.92,1,1
35.66,42.27,89.78,4.79,1,1
41.67,37.27,79.7,5.38,1,1
31.52,46.24,84.7,4.61,1,1
28.23,44.88,67.78,4.59,1,1
34.67,33.06,62.07,5.58,1,1
32.91,27.05,81.28,5.33,1,1
32.14,35.78,81.69,5.42,1,1
44.53,47.94,78.1,4.8,1,1
38.27,49.38,85.01,4.37,1,1
33.26,41.65,81.33,6.8,1,1
33.16,42.03,77.51,4.71,1,1
38.81,29.24,68.39,4.06,1,1
25.72,38.25,67.68,4.76,1,1
39.45,43.28,66.75,4.93,1,1
39.2,38.17,67.72,5.67,1,1
34.11,49.53,74.89,5.84,1,1
30.86,44.92,73.31,3.54,1,1
28.75,49.8,72.19,3.77,1,1
50.62,79.9,49.75,5.2,3,3
47.31,82.23,70.26,7.92,3,3
46.44,64.16,71.58,7.07,3,3
53.19,70.69,70.23,7.19,3,3
54.11,77.65,55.04,4.3,3,3
55.01,80.31,59.84,4.77,3,3
51.4,78.52,82.38,7.62,3,3
49.51,65.75,68.09,6.64,3,3
46.94,86.34,82.28,8.36,3,3
47.32,77.99,73.12,7.53,3,3
56.0,76.45,73.92,7.76,3,3
52.36,59.51,68.67,6.33,3,3
45.88,83.77,81.83,8.63,3,3
52.02,81.45,68.1,7.24,3,3
46.63,74.78,68.48,5.44,3,3
50.8,71.44,82.38,8.07,3,3
51.05,73.74,68.35,6.76,3,3
46.67,70.94,62.03,5.5,3,3
53.04,74.74,53.71,6.85,3,3
54.98,79.41,76.21,7.05,3,3
47.62,64.41,70.76,7.46,3,3
56.15,79.7,66.94,5.51,3,3
49.72,73.52,66.38,6.31,3,3
52.01,68.47,62.98,7.37,3,3
49.39,73.71,70.19,5.63,3,3
49.08,82.06,58.7,4.46,3,3
43.55,72.2,68.25,6.86,3,3
55.86,53.29,71.17,8.87,3,3
46.49,69.34,61.98,5.93,3,3
49.69,81.99,82.7,6.6,3,3
58.62,72.25,82.03,6.89,3,3
51.52,74.56,93.43,8.02,3,3
48.17,78.78,65.11,6.41,3,3
54.63,72.22,70.23,7.02,3,3
52.35,74.97,52.5,7.8,3,3
47.07,61.9,67.53,7.1,3,3
48.23,77.82,57.26,6.51,3,3
48.66,71.67,70.23,5.79,3,3
53.9,72.44,52.86,4.65,3,3
50.95,70.45,67.17,6.97,3,3
51.9,78.63,59.11,5.59,3,3
46.63,74.02,77.96,6.48,3,3
40.99,60.07,61.34,6.33,3,3
49.37,72.27,65.51,8.26,3,3
48.3,65.96,71.83,5.16,3,3
52.56,72.72,66.82,8.91,3,3
48.51,86.42,66.2,5.47,3,3
51.28,64.47,61.99,7.48,3,3
53.22,67.64,75.9,8.39,3,3
56.75,75.71,78.91,4.74,3,3
49.73,65.93,68.95,6.31,3,3
50.34,85.18,66.64,7.5,3,3
50.07,72.53,68.05,7.54,3,3
55.66,83.53,70.48,7.71,3,3
46.4,71.38,75.52,8.04,3,3
51.85,78.2,71.93,8.44,3,3
52.16,69.51,70.69,3.48,3,3
52.53,46.46,54.21,7.54,3,3
52.91,63.86,62.3,8.64,3,3
49.06,87.7,67.98,7.49,3,3
